{
  "shoulder_angle": {
    "suggested_threshold": 0.025979274511337278,
    "good_p95": 0.050323975086212155,
    "bad_p5": 0.0016345739364624023,
    "neutral_p50": 0.016446784138679504,
    "good_mean": 0.0215990746343458,
    "bad_mean": 0.02079940161534718,
    "good_std": 0.014578975904693425,
    "bad_std": 0.01712958377138353
  },
  "hip_angle": {
    "suggested_threshold": 0.00881139785051345,
    "good_p95": 0.01695731878280638,
    "bad_p5": 0.00066547691822052,
    "neutral_p50": 0.006141692399978638,
    "good_mean": 0.006060627666679588,
    "bad_mean": 0.008198604342483339,
    "good_std": 0.00542458188614479,
    "bad_std": 0.0072249593558557975
  },
  "spine_alignment": {
    "suggested_threshold": 0.3560653321444988,
    "good_p95": 0.4311743319034576,
    "bad_p5": 0.28095633238554,
    "neutral_p50": 0.3824126794934273,
    "good_mean": 0.35663423425442464,
    "bad_mean": 0.3467906692198345,
    "good_std": 0.04301918316895422,
    "bad_std": 0.03935221930405276
  }
}