{
  "shoulder_angle": {
    "suggested_threshold": 0.02921142578125,
    "good_p95": 0.05605010688304901,
    "bad_p5": 0.002372744679450989,
    "neutral_p50": 0.016446784138679504,
    "good_mean": 0.02454215122593774,
    "bad_mean": 0.01954594999551773,
    "good_std": 0.01678491364581006,
    "bad_std": 0.013187253365799699
  },
  "hip_angle": {
    "suggested_threshold": 0.010673730075359345,
    "good_p95": 0.020575016736984253,
    "bad_p5": 0.0007724434137344361,
    "neutral_p50": 0.006141692399978638,
    "good_mean": 0.005878669520219167,
    "bad_mean": 0.008666237195332846,
    "good_std": 0.00616929009698564,
    "bad_std": 0.008828544518358853
  },
  "spine_alignment": {
    "suggested_threshold": 0.39155062325298784,
    "good_p95": 0.4512367554008961,
    "bad_p5": 0.33186449110507965,
    "neutral_p50": 0.3824126794934273,
    "good_mean": 0.3865809631016519,
    "bad_mean": 0.3630863043169181,
    "good_std": 0.04420241070811729,
    "bad_std": 0.02541865586671723
  }
}